"filename", "language", "TypeScript", "Markdown", "JavaScript", "JSON with Comments", "HTML", "JSON", "TypeScript JSX", "comment", "blank", "total"
"/home/akasat/Documentos/USP/2025/blockchain/cartorio-blockchain/README.md", "Markdown", 0, 57, 0, 0, 0, 0, 0, 0, 22, 79
"/home/akasat/Documentos/USP/2025/blockchain/cartorio-blockchain/backend/artifacts/build-info/67ccaaf52affb108403cab2d54e74455.json", "JSON", 0, 0, 0, 0, 0, 1, 0, 0, 0, 1
"/home/akasat/Documentos/USP/2025/blockchain/cartorio-blockchain/backend/artifacts/src/contrato/DocRegistry.sol/DocumentRegistry.dbg.json", "JSON", 0, 0, 0, 0, 0, 4, 0, 0, 1, 5
"/home/akasat/Documentos/USP/2025/blockchain/cartorio-blockchain/backend/artifacts/src/contrato/DocRegistry.sol/DocumentRegistry.json", "JSON", 0, 0, 0, 0, 0, 102, 0, 0, 1, 103
"/home/akasat/Documentos/USP/2025/blockchain/cartorio-blockchain/backend/cache/solidity-files-cache.json", "JSON", 0, 0, 0, 0, 0, 41, 0, 0, 1, 42
"/home/akasat/Documentos/USP/2025/blockchain/cartorio-blockchain/backend/dist/config/blockchain.d.ts", "TypeScript", 4, 0, 0, 0, 0, 0, 0, 1, 0, 5
"/home/akasat/Documentos/USP/2025/blockchain/cartorio-blockchain/backend/dist/config/blockchain.js", "JavaScript", 0, 0, 50, 0, 0, 0, 0, 5, 0, 55
"/home/akasat/Documentos/USP/2025/blockchain/cartorio-blockchain/backend/dist/controllers/DocumentController.d.ts", "TypeScript", 5, 0, 0, 0, 0, 0, 0, 1, 0, 6
"/home/akasat/Documentos/USP/2025/blockchain/cartorio-blockchain/backend/dist/controllers/DocumentController.js", "JavaScript", 0, 0, 56, 0, 0, 0, 0, 8, 0, 64
"/home/akasat/Documentos/USP/2025/blockchain/cartorio-blockchain/backend/dist/routes/document.routes.d.ts", "TypeScript", 2, 0, 0, 0, 0, 0, 0, 1, 0, 3
"/home/akasat/Documentos/USP/2025/blockchain/cartorio-blockchain/backend/dist/routes/document.routes.js", "JavaScript", 0, 0, 14, 0, 0, 0, 0, 3, 0, 17
"/home/akasat/Documentos/USP/2025/blockchain/cartorio-blockchain/backend/dist/server.d.ts", "TypeScript", 1, 0, 0, 0, 0, 0, 0, 1, 0, 2
"/home/akasat/Documentos/USP/2025/blockchain/cartorio-blockchain/backend/dist/server.js", "JavaScript", 0, 0, 17, 0, 0, 0, 0, 5, 0, 22
"/home/akasat/Documentos/USP/2025/blockchain/cartorio-blockchain/backend/dist/services/DocumentService.d.ts", "TypeScript", 16, 0, 0, 0, 0, 0, 0, 1, 0, 17
"/home/akasat/Documentos/USP/2025/blockchain/cartorio-blockchain/backend/dist/services/DocumentService.js", "JavaScript", 0, 0, 44, 0, 0, 0, 0, 7, 0, 51
"/home/akasat/Documentos/USP/2025/blockchain/cartorio-blockchain/backend/dist/utils/crypto.d.ts", "TypeScript", 1, 0, 0, 0, 0, 0, 0, 1, 0, 2
"/home/akasat/Documentos/USP/2025/blockchain/cartorio-blockchain/backend/dist/utils/crypto.js", "JavaScript", 0, 0, 42, 0, 0, 0, 0, 2, 0, 44
"/home/akasat/Documentos/USP/2025/blockchain/cartorio-blockchain/backend/hardhat.config.d.ts", "TypeScript", 5, 0, 0, 0, 0, 0, 0, 1, 0, 6
"/home/akasat/Documentos/USP/2025/blockchain/cartorio-blockchain/backend/hardhat.config.js", "JavaScript", 0, 0, 24, 0, 0, 0, 0, 3, 0, 27
"/home/akasat/Documentos/USP/2025/blockchain/cartorio-blockchain/backend/hardhat.config.ts", "TypeScript", 23, 0, 0, 0, 0, 0, 0, 2, 3, 28
"/home/akasat/Documentos/USP/2025/blockchain/cartorio-blockchain/backend/package-lock.json", "JSON", 0, 0, 0, 0, 0, 8607, 0, 0, 1, 8608
"/home/akasat/Documentos/USP/2025/blockchain/cartorio-blockchain/backend/package.json", "JSON", 0, 0, 0, 0, 0, 31, 0, 0, 1, 32
"/home/akasat/Documentos/USP/2025/blockchain/cartorio-blockchain/backend/scripts/deploy.d.ts", "TypeScript", 1, 0, 0, 0, 0, 0, 0, 1, 0, 2
"/home/akasat/Documentos/USP/2025/blockchain/cartorio-blockchain/backend/scripts/deploy.js", "JavaScript", 0, 0, 15, 0, 0, 0, 0, 4, 0, 19
"/home/akasat/Documentos/USP/2025/blockchain/cartorio-blockchain/backend/scripts/deploy.ts", "TypeScript", 13, 0, 0, 0, 0, 0, 0, 3, 4, 20
"/home/akasat/Documentos/USP/2025/blockchain/cartorio-blockchain/backend/src/config/blockchain.ts", "TypeScript", 14, 0, 0, 0, 0, 0, 0, 4, 5, 23
"/home/akasat/Documentos/USP/2025/blockchain/cartorio-blockchain/backend/src/controllers/DocumentController.ts", "TypeScript", 49, 0, 0, 0, 0, 0, 0, 7, 13, 69
"/home/akasat/Documentos/USP/2025/blockchain/cartorio-blockchain/backend/src/routes/document.routes.ts", "TypeScript", 9, 0, 0, 0, 0, 0, 0, 2, 4, 15
"/home/akasat/Documentos/USP/2025/blockchain/cartorio-blockchain/backend/src/server.d.ts", "TypeScript", 1, 0, 0, 0, 0, 0, 0, 1, 0, 2
"/home/akasat/Documentos/USP/2025/blockchain/cartorio-blockchain/backend/src/server.js", "JavaScript", 0, 0, 113, 0, 0, 0, 0, 25, 0, 138
"/home/akasat/Documentos/USP/2025/blockchain/cartorio-blockchain/backend/src/server.ts", "TypeScript", 12, 0, 0, 0, 0, 0, 0, 4, 4, 20
"/home/akasat/Documentos/USP/2025/blockchain/cartorio-blockchain/backend/src/services/DocumentService.ts", "TypeScript", 49, 0, 0, 0, 0, 0, 0, 6, 9, 64
"/home/akasat/Documentos/USP/2025/blockchain/cartorio-blockchain/backend/src/utils/crypto.ts", "TypeScript", 6, 0, 0, 0, 0, 0, 0, 1, 1, 8
"/home/akasat/Documentos/USP/2025/blockchain/cartorio-blockchain/backend/tsconfig.json", "JSON with Comments", 0, 0, 0, 30, 0, 0, 0, 19, 6, 55
"/home/akasat/Documentos/USP/2025/blockchain/cartorio-blockchain/backend/typechain-types/DocumentRegistry.d.ts", "TypeScript", 97, 0, 0, 0, 0, 0, 0, 1, 0, 98
"/home/akasat/Documentos/USP/2025/blockchain/cartorio-blockchain/backend/typechain-types/DocumentRegistry.js", "JavaScript", 0, 0, 2, 0, 0, 0, 0, 1, 0, 3
"/home/akasat/Documentos/USP/2025/blockchain/cartorio-blockchain/backend/typechain-types/DocumentRegistry.ts", "TypeScript", 169, 0, 0, 0, 0, 0, 0, 3, 19, 191
"/home/akasat/Documentos/USP/2025/blockchain/cartorio-blockchain/backend/typechain-types/common.d.ts", "TypeScript", 50, 0, 0, 0, 0, 0, 0, 1, 0, 51
"/home/akasat/Documentos/USP/2025/blockchain/cartorio-blockchain/backend/typechain-types/common.js", "JavaScript", 0, 0, 2, 0, 0, 0, 0, 1, 0, 3
"/home/akasat/Documentos/USP/2025/blockchain/cartorio-blockchain/backend/typechain-types/common.ts", "TypeScript", 110, 0, 0, 0, 0, 0, 0, 4, 18, 132
"/home/akasat/Documentos/USP/2025/blockchain/cartorio-blockchain/backend/typechain-types/factories/DocumentRegistry__factory.d.ts", "TypeScript", 92, 0, 0, 0, 0, 0, 0, 1, 0, 93
"/home/akasat/Documentos/USP/2025/blockchain/cartorio-blockchain/backend/typechain-types/factories/DocumentRegistry__factory.js", "JavaScript", 0, 0, 127, 0, 0, 0, 0, 4, 0, 131
"/home/akasat/Documentos/USP/2025/blockchain/cartorio-blockchain/backend/typechain-types/factories/DocumentRegistry__factory.ts", "TypeScript", 148, 0, 0, 0, 0, 0, 0, 3, 8, 159
"/home/akasat/Documentos/USP/2025/blockchain/cartorio-blockchain/backend/typechain-types/factories/index.d.ts", "TypeScript", 1, 0, 0, 0, 0, 0, 0, 1, 0, 2
"/home/akasat/Documentos/USP/2025/blockchain/cartorio-blockchain/backend/typechain-types/factories/index.js", "JavaScript", 0, 0, 5, 0, 0, 0, 0, 4, 0, 9
"/home/akasat/Documentos/USP/2025/blockchain/cartorio-blockchain/backend/typechain-types/factories/index.ts", "TypeScript", 1, 0, 0, 0, 0, 0, 0, 3, 1, 5
"/home/akasat/Documentos/USP/2025/blockchain/cartorio-blockchain/backend/typechain-types/hardhat.d.ts", "TypeScript", 52, 0, 0, 0, 0, 0, 0, 4, 8, 64
"/home/akasat/Documentos/USP/2025/blockchain/cartorio-blockchain/backend/typechain-types/index.d.ts", "TypeScript", 3, 0, 0, 0, 0, 0, 0, 1, 0, 4
"/home/akasat/Documentos/USP/2025/blockchain/cartorio-blockchain/backend/typechain-types/index.js", "JavaScript", 0, 0, 39, 0, 0, 0, 0, 1, 0, 40
"/home/akasat/Documentos/USP/2025/blockchain/cartorio-blockchain/backend/typechain-types/index.ts", "TypeScript", 3, 0, 0, 0, 0, 0, 0, 3, 1, 7
"/home/akasat/Documentos/USP/2025/blockchain/cartorio-blockchain/frontend/eslint.config.js", "JavaScript", 0, 0, 22, 0, 0, 0, 0, 0, 2, 24
"/home/akasat/Documentos/USP/2025/blockchain/cartorio-blockchain/frontend/index.html", "HTML", 0, 0, 0, 0, 13, 0, 0, 0, 1, 14
"/home/akasat/Documentos/USP/2025/blockchain/cartorio-blockchain/frontend/package-lock.json", "JSON", 0, 0, 0, 0, 0, 3666, 0, 0, 1, 3667
"/home/akasat/Documentos/USP/2025/blockchain/cartorio-blockchain/frontend/package.json", "JSON", 0, 0, 0, 0, 0, 32, 0, 0, 1, 33
"/home/akasat/Documentos/USP/2025/blockchain/cartorio-blockchain/frontend/src/GlobalStyles.ts", "TypeScript", 46, 0, 0, 0, 0, 0, 0, 0, 6, 52
"/home/akasat/Documentos/USP/2025/blockchain/cartorio-blockchain/frontend/src/components/documentHandler/index.tsx", "TypeScript JSX", 0, 0, 0, 0, 0, 0, 106, 9, 20, 135
"/home/akasat/Documentos/USP/2025/blockchain/cartorio-blockchain/frontend/src/components/documentHandler/style.ts", "TypeScript", 95, 0, 0, 0, 0, 0, 0, 3, 17, 115
"/home/akasat/Documentos/USP/2025/blockchain/cartorio-blockchain/frontend/src/components/header/index.tsx", "TypeScript JSX", 0, 0, 0, 0, 0, 0, 13, 0, 1, 14
"/home/akasat/Documentos/USP/2025/blockchain/cartorio-blockchain/frontend/src/components/header/style.ts", "TypeScript", 24, 0, 0, 0, 0, 0, 0, 0, 4, 28
"/home/akasat/Documentos/USP/2025/blockchain/cartorio-blockchain/frontend/src/main.tsx", "TypeScript JSX", 0, 0, 0, 0, 0, 0, 21, 0, 3, 24
"/home/akasat/Documentos/USP/2025/blockchain/cartorio-blockchain/frontend/src/pages/home/index.tsx", "TypeScript JSX", 0, 0, 0, 0, 0, 0, 31, 0, 3, 34
"/home/akasat/Documentos/USP/2025/blockchain/cartorio-blockchain/frontend/src/pages/home/style.ts", "TypeScript", 31, 0, 0, 0, 0, 0, 0, 0, 6, 37
"/home/akasat/Documentos/USP/2025/blockchain/cartorio-blockchain/frontend/src/pages/upload-doc/index.tsx", "TypeScript JSX", 0, 0, 0, 0, 0, 0, 32, 1, 8, 41
"/home/akasat/Documentos/USP/2025/blockchain/cartorio-blockchain/frontend/src/pages/upload-doc/style.ts", "TypeScript", 57, 0, 0, 0, 0, 0, 0, 0, 12, 69
"/home/akasat/Documentos/USP/2025/blockchain/cartorio-blockchain/frontend/src/pages/verify-doc/index.tsx", "TypeScript JSX", 0, 0, 0, 0, 0, 0, 40, 1, 10, 51
"/home/akasat/Documentos/USP/2025/blockchain/cartorio-blockchain/frontend/src/pages/verify-doc/style.ts", "TypeScript", 57, 0, 0, 0, 0, 0, 0, 0, 12, 69
"/home/akasat/Documentos/USP/2025/blockchain/cartorio-blockchain/frontend/src/types/api.ts", "TypeScript", 18, 0, 0, 0, 0, 0, 0, 3, 4, 25
"/home/akasat/Documentos/USP/2025/blockchain/cartorio-blockchain/frontend/tsconfig.app.json", "JSON", 0, 0, 0, 0, 0, 24, 0, 2, 3, 29
"/home/akasat/Documentos/USP/2025/blockchain/cartorio-blockchain/frontend/tsconfig.json", "JSON with Comments", 0, 0, 0, 7, 0, 0, 0, 0, 1, 8
"/home/akasat/Documentos/USP/2025/blockchain/cartorio-blockchain/frontend/tsconfig.node.json", "JSON", 0, 0, 0, 0, 0, 22, 0, 2, 3, 27
"/home/akasat/Documentos/USP/2025/blockchain/cartorio-blockchain/frontend/vite.config.ts", "TypeScript", 5, 0, 0, 0, 0, 0, 0, 1, 2, 8
"Total", "-", 1270, 57, 572, 37, 13, 12530, 243, 177, 251, 15150